month,week,year,order_date,order_status,total_orders,total_order_amount
"January ",Wednesday,2020,2020-01-01,delivered,4,1293.26
"January ",Thursday,2020,2020-01-02,delivered,1,385.25
"January ",Friday,2020,2020-01-03,delivered,4,824.54
"January ",Saturday,2020,2020-01-04,delivered,3,1016.22
"January ",Sunday,2020,2020-01-05,delivered,3,829.3699999999999
"January ",Monday,2020,2020-01-06,delivered,3,1108.97
"January ",Tuesday,2020,2020-01-07,delivered,2,416.65
"January ",Wednesday,2020,2020-01-08,delivered,2,134.47
"January ",Thursday,2020,2020-01-09,delivered,6,1396.72
"January ",Friday,2020,2020-01-10,delivered,3,847.89
"January ",Sunday,2020,2020-01-12,delivered,3,1116.62
"January ",Monday,2020,2020-01-13,delivered,1,199.18
"January ",Tuesday,2020,2020-01-14,delivered,4,598.0600000000001
"January ",Wednesday,2020,2020-01-15,delivered,5,1670.8
"January ",Thursday,2020,2020-01-16,delivered,3,805.46
"January ",Friday,2020,2020-01-17,delivered,2,451.82000000000005
"January ",Saturday,2020,2020-01-18,delivered,2,491.24
"January ",Sunday,2020,2020-01-19,delivered,2,156.67
"January ",Monday,2020,2020-01-20,delivered,2,304.53
"January ",Tuesday,2020,2020-01-21,delivered,5,974.4200000000001
"January ",Wednesday,2020,2020-01-22,delivered,4,961.59
"January ",Thursday,2020,2020-01-23,delivered,2,612.61
"January ",Friday,2020,2020-01-24,delivered,1,451.59
"January ",Saturday,2020,2020-01-25,delivered,3,867.99
"January ",Sunday,2020,2020-01-26,delivered,3,577.95
"January ",Monday,2020,2020-01-27,delivered,1,323.89
"January ",Tuesday,2020,2020-01-28,delivered,4,612.8199999999999
"January ",Wednesday,2020,2020-01-29,delivered,5,1281.76
"January ",Thursday,2020,2020-01-30,delivered,2,516.91
"January ",Friday,2020,2020-01-31,delivered,1,356.68
"February ",Saturday,2020,2020-02-01,delivered,2,269.1
"February ",Sunday,2020,2020-02-02,delivered,3,370.62
"February ",Monday,2020,2020-02-03,delivered,5,735.1600000000001
"February ",Tuesday,2020,2020-02-04,delivered,3,654.2199999999999
"February ",Wednesday,2020,2020-02-05,delivered,1,109.25
"February ",Thursday,2020,2020-02-06,delivered,2,286.9
"February ",Friday,2020,2020-02-07,delivered,1,380.97
"February ",Sunday,2020,2020-02-09,delivered,2,596.01
"February ",Monday,2020,2020-02-10,delivered,6,1461.4
"February ",Tuesday,2020,2020-02-11,delivered,1,204.23
"February ",Thursday,2020,2020-02-13,delivered,4,1445.25
"February ",Friday,2020,2020-02-14,delivered,3,1123.6
"February ",Saturday,2020,2020-02-15,delivered,2,673.2
"February ",Sunday,2020,2020-02-16,delivered,3,417.26
"February ",Monday,2020,2020-02-17,delivered,1,270.22
"February ",Tuesday,2020,2020-02-18,delivered,3,565.94
"February ",Wednesday,2020,2020-02-19,delivered,3,894.8500000000001
"February ",Thursday,2020,2020-02-20,delivered,3,781.4099999999999
"February ",Friday,2020,2020-02-21,delivered,2,472.1
"February ",Saturday,2020,2020-02-22,delivered,2,473.71000000000004
"February ",Sunday,2020,2020-02-23,delivered,5,975.47
"February ",Monday,2020,2020-02-24,delivered,6,1269.68
"February ",Tuesday,2020,2020-02-25,delivered,1,134.81
"February ",Wednesday,2020,2020-02-26,delivered,1,108.84
"February ",Thursday,2020,2020-02-27,delivered,3,921.85
"February ",Friday,2020,2020-02-28,delivered,1,74.76
"February ",Saturday,2020,2020-02-29,delivered,2,202.35999999999999
"March ",Sunday,2020,2020-03-01,delivered,3,903.82
"March ",Monday,2020,2020-03-02,delivered,2,360.97
"March ",Tuesday,2020,2020-03-03,delivered,3,1072.6000000000001
"March ",Wednesday,2020,2020-03-04,delivered,6,1361.8600000000001
"March ",Thursday,2020,2020-03-05,delivered,2,732.72
"March ",Friday,2020,2020-03-06,delivered,4,944.49
"March ",Saturday,2020,2020-03-07,delivered,2,375.27
"March ",Sunday,2020,2020-03-08,delivered,4,1327.72
"March ",Monday,2020,2020-03-09,delivered,2,541.2
"March ",Tuesday,2020,2020-03-10,delivered,3,744.78
"March ",Wednesday,2020,2020-03-11,delivered,8,2085.93
"March ",Thursday,2020,2020-03-12,delivered,2,787.29
"March ",Friday,2020,2020-03-13,delivered,2,511.38
"March ",Saturday,2020,2020-03-14,delivered,2,503.98
"March ",Monday,2020,2020-03-16,delivered,3,798.73
"March ",Tuesday,2020,2020-03-17,delivered,2,557.65
"March ",Wednesday,2020,2020-03-18,delivered,1,270.89
"March ",Thursday,2020,2020-03-19,delivered,3,1028.7
"March ",Friday,2020,2020-03-20,delivered,3,764.7
"March ",Sunday,2020,2020-03-22,delivered,3,678.72
"March ",Monday,2020,2020-03-23,delivered,3,1021.01
"March ",Tuesday,2020,2020-03-24,delivered,1,145.92
"March ",Wednesday,2020,2020-03-25,delivered,1,18.56
"March ",Thursday,2020,2020-03-26,delivered,4,1083.22
"March ",Friday,2020,2020-03-27,delivered,1,18.46
"March ",Saturday,2020,2020-03-28,delivered,3,1234.85
"March ",Sunday,2020,2020-03-29,delivered,2,404.58
"March ",Monday,2020,2020-03-30,delivered,5,1155.06
"March ",Tuesday,2020,2020-03-31,delivered,1,432.73
"April ",Wednesday,2020,2020-04-01,delivered,1,374.81
"April ",Saturday,2020,2020-04-04,delivered,4,1081.15
"April ",Sunday,2020,2020-04-05,delivered,1,151.74
"April ",Monday,2020,2020-04-06,delivered,1,146.76
"April ",Tuesday,2020,2020-04-07,delivered,1,443.49
"April ",Wednesday,2020,2020-04-08,delivered,1,440.98
"April ",Thursday,2020,2020-04-09,delivered,1,286.05
"April ",Friday,2020,2020-04-10,delivered,1,62.15
"April ",Saturday,2020,2020-04-11,delivered,2,642.69
"April ",Sunday,2020,2020-04-12,delivered,1,398.06
"April ",Monday,2020,2020-04-13,delivered,3,1073.9
"April ",Tuesday,2020,2020-04-14,delivered,7,1990.1899999999998
"April ",Wednesday,2020,2020-04-15,delivered,3,825.98
"April ",Thursday,2020,2020-04-16,delivered,3,1115.4299999999998
"April ",Friday,2020,2020-04-17,delivered,3,683.05
"April ",Saturday,2020,2020-04-18,delivered,5,1588.2800000000002
"April ",Sunday,2020,2020-04-19,delivered,1,218.53
"April ",Monday,2020,2020-04-20,delivered,3,1264.21
"April ",Tuesday,2020,2020-04-21,delivered,1,65.87
"April ",Wednesday,2020,2020-04-22,delivered,3,781.7099999999999
"April ",Thursday,2020,2020-04-23,delivered,2,295.06
"April ",Friday,2020,2020-04-24,delivered,3,611.92
"April ",Saturday,2020,2020-04-25,delivered,6,1672.3400000000001
"April ",Sunday,2020,2020-04-26,delivered,2,231.11999999999998
"April ",Monday,2020,2020-04-27,delivered,7,1706.96
"April ",Tuesday,2020,2020-04-28,delivered,3,1080.3400000000001
"April ",Wednesday,2020,2020-04-29,delivered,1,228.08
"May ",Friday,2020,2020-05-01,delivered,3,1035.82
"May ",Monday,2020,2020-05-04,delivered,4,1108.56
"May ",Tuesday,2020,2020-05-05,delivered,1,156.59
"May ",Wednesday,2020,2020-05-06,delivered,3,655.46
"May ",Thursday,2020,2020-05-07,delivered,5,1098.79
"May ",Friday,2020,2020-05-08,delivered,4,1098.33
"May ",Saturday,2020,2020-05-09,delivered,4,1103.26
"May ",Sunday,2020,2020-05-10,delivered,1,174.02
"May ",Monday,2020,2020-05-11,delivered,1,251.81
"May ",Tuesday,2020,2020-05-12,delivered,2,435.29
"May ",Wednesday,2020,2020-05-13,delivered,2,528.15
"May ",Thursday,2020,2020-05-14,delivered,3,1027.54
"May ",Friday,2020,2020-05-15,delivered,1,218.21
"May ",Saturday,2020,2020-05-16,delivered,6,1545.16
"May ",Sunday,2020,2020-05-17,delivered,2,318.71000000000004
"May ",Monday,2020,2020-05-18,delivered,3,777.8199999999999
"May ",Tuesday,2020,2020-05-19,delivered,4,727.12
"May ",Wednesday,2020,2020-05-20,delivered,6,1751.5500000000002
"May ",Thursday,2020,2020-05-21,delivered,5,1255.1000000000001
"May ",Friday,2020,2020-05-22,delivered,3,1002.1800000000001
"May ",Saturday,2020,2020-05-23,delivered,2,571.6
"May ",Sunday,2020,2020-05-24,delivered,3,862.96
"May ",Monday,2020,2020-05-25,delivered,1,64.34
"May ",Tuesday,2020,2020-05-26,delivered,4,1046.19
"May ",Wednesday,2020,2020-05-27,delivered,3,807.82
"May ",Thursday,2020,2020-05-28,delivered,4,1136.88
"May ",Friday,2020,2020-05-29,delivered,1,435.49
"May ",Saturday,2020,2020-05-30,delivered,2,130.82999999999998
"May ",Sunday,2020,2020-05-31,delivered,4,1210.03
"June ",Monday,2020,2020-06-01,delivered,1,19
"June ",Tuesday,2020,2020-06-02,delivered,3,792.28
"June ",Wednesday,2020,2020-06-03,delivered,2,449.06
"June ",Thursday,2020,2020-06-04,delivered,9,3024.46
"June ",Friday,2020,2020-06-05,delivered,4,1197.19
"June ",Saturday,2020,2020-06-06,delivered,5,1238.89
"June ",Monday,2020,2020-06-08,delivered,3,606.28
"June ",Tuesday,2020,2020-06-09,delivered,2,765.15
"June ",Wednesday,2020,2020-06-10,delivered,1,150.37
"June ",Thursday,2020,2020-06-11,delivered,2,657.63
"June ",Friday,2020,2020-06-12,delivered,2,359.78999999999996
"June ",Saturday,2020,2020-06-13,delivered,3,933.1700000000001
"June ",Sunday,2020,2020-06-14,delivered,3,969.56
"June ",Monday,2020,2020-06-15,delivered,8,1432.5200000000002
"June ",Tuesday,2020,2020-06-16,delivered,1,97.64
"June ",Wednesday,2020,2020-06-17,delivered,2,818.63
"June ",Thursday,2020,2020-06-18,delivered,2,352.14
"June ",Sunday,2020,2020-06-21,delivered,3,586.85
"June ",Monday,2020,2020-06-22,delivered,3,955.6
"June ",Tuesday,2020,2020-06-23,delivered,3,171.06
"June ",Wednesday,2020,2020-06-24,delivered,6,1288.94
"June ",Thursday,2020,2020-06-25,delivered,2,719.26
"June ",Friday,2020,2020-06-26,delivered,2,735.71
"June ",Saturday,2020,2020-06-27,delivered,1,119.68
"June ",Sunday,2020,2020-06-28,delivered,3,740.62
"June ",Monday,2020,2020-06-29,delivered,3,588.47
"July ",Wednesday,2020,2020-07-01,delivered,5,733.96
"July ",Thursday,2020,2020-07-02,delivered,3,1097.1100000000001
"July ",Friday,2020,2020-07-03,delivered,2,523
"July ",Saturday,2020,2020-07-04,delivered,2,492.41999999999996
"July ",Sunday,2020,2020-07-05,delivered,4,1468.6200000000001
"July ",Monday,2020,2020-07-06,delivered,3,1010.0999999999999
"July ",Tuesday,2020,2020-07-07,delivered,3,1030.5500000000002
"July ",Wednesday,2020,2020-07-08,delivered,3,696.4300000000001
"July ",Thursday,2020,2020-07-09,delivered,1,54.62
"July ",Friday,2020,2020-07-10,delivered,2,449.9
"July ",Saturday,2020,2020-07-11,delivered,1,121.69
"July ",Sunday,2020,2020-07-12,delivered,1,95.01
"July ",Monday,2020,2020-07-13,delivered,4,839.72
"July ",Tuesday,2020,2020-07-14,delivered,3,1019.3299999999999
"July ",Wednesday,2020,2020-07-15,delivered,3,632.0699999999999
"July ",Thursday,2020,2020-07-16,delivered,5,1025.68
"July ",Friday,2020,2020-07-17,delivered,3,540.26
"July ",Sunday,2020,2020-07-19,delivered,1,11.07
"July ",Monday,2020,2020-07-20,delivered,4,1093.95
"July ",Tuesday,2020,2020-07-21,delivered,6,958.6600000000001
"July ",Wednesday,2020,2020-07-22,delivered,5,1090.52
"July ",Thursday,2020,2020-07-23,delivered,5,1733.8000000000002
"July ",Friday,2020,2020-07-24,delivered,3,582.32
"July ",Saturday,2020,2020-07-25,delivered,7,2578.9500000000003
"July ",Sunday,2020,2020-07-26,delivered,1,460.04
"July ",Tuesday,2020,2020-07-28,delivered,2,711.96
"July ",Wednesday,2020,2020-07-29,delivered,1,488.3
"July ",Thursday,2020,2020-07-30,delivered,3,593.52
"July ",Friday,2020,2020-07-31,delivered,2,541.52
"August ",Saturday,2020,2020-08-01,delivered,3,534.12
"August ",Sunday,2020,2020-08-02,delivered,3,598.7599999999999
"August ",Monday,2020,2020-08-03,delivered,1,135.49
"August ",Tuesday,2020,2020-08-04,delivered,4,1223.64
"August ",Wednesday,2020,2020-08-05,delivered,1,302.22
"August ",Thursday,2020,2020-08-06,delivered,3,1057.34
"August ",Friday,2020,2020-08-07,delivered,1,442.45
"August ",Saturday,2020,2020-08-08,delivered,2,721.25
"August ",Sunday,2020,2020-08-09,delivered,5,1620.39
"August ",Monday,2020,2020-08-10,delivered,2,732.5
"August ",Tuesday,2020,2020-08-11,delivered,4,844.79
"August ",Wednesday,2020,2020-08-12,delivered,2,298.53
"August ",Thursday,2020,2020-08-13,delivered,2,620.36
"August ",Friday,2020,2020-08-14,delivered,3,845.88
"August ",Saturday,2020,2020-08-15,delivered,4,1047.81
"August ",Sunday,2020,2020-08-16,delivered,4,979.91
"August ",Monday,2020,2020-08-17,delivered,5,1538.65
"August ",Wednesday,2020,2020-08-19,delivered,2,413.51
"August ",Thursday,2020,2020-08-20,delivered,4,1196.88
"August ",Friday,2020,2020-08-21,delivered,2,69.27000000000001
"August ",Saturday,2020,2020-08-22,delivered,1,345.16
"August ",Sunday,2020,2020-08-23,delivered,2,477.47
"August ",Monday,2020,2020-08-24,delivered,2,413.24
"August ",Tuesday,2020,2020-08-25,delivered,1,334.05
"August ",Wednesday,2020,2020-08-26,delivered,4,914.87
"August ",Thursday,2020,2020-08-27,delivered,2,919.56
"August ",Friday,2020,2020-08-28,delivered,3,688.8199999999999
"August ",Saturday,2020,2020-08-29,delivered,3,346.16
"August ",Sunday,2020,2020-08-30,delivered,1,141.29
"August ",Monday,2020,2020-08-31,delivered,3,1081.65
"September ",Tuesday,2020,2020-09-01,delivered,2,553.72
"September ",Wednesday,2020,2020-09-02,delivered,3,869.86
"September ",Thursday,2020,2020-09-03,delivered,1,244.07
"September ",Friday,2020,2020-09-04,delivered,2,291.52
"September ",Saturday,2020,2020-09-05,delivered,2,848.61
"September ",Sunday,2020,2020-09-06,delivered,2,370.89
"September ",Monday,2020,2020-09-07,delivered,1,86.26
"September ",Tuesday,2020,2020-09-08,delivered,2,585.55
"September ",Wednesday,2020,2020-09-09,delivered,2,293.84999999999997
"September ",Thursday,2020,2020-09-10,delivered,2,652.75
"September ",Friday,2020,2020-09-11,delivered,1,418.89
"September ",Saturday,2020,2020-09-12,delivered,3,833.86
"September ",Sunday,2020,2020-09-13,delivered,1,454.52
"September ",Monday,2020,2020-09-14,delivered,6,1527.5699999999997
"September ",Wednesday,2020,2020-09-16,delivered,4,812.6
"September ",Thursday,2020,2020-09-17,delivered,3,426.76
"September ",Friday,2020,2020-09-18,delivered,1,368.93
"September ",Saturday,2020,2020-09-19,delivered,1,136.73
"September ",Sunday,2020,2020-09-20,delivered,3,905.5899999999999
"September ",Monday,2020,2020-09-21,delivered,1,289.31
"September ",Tuesday,2020,2020-09-22,delivered,1,270.81
"September ",Wednesday,2020,2020-09-23,delivered,2,655.37
"September ",Thursday,2020,2020-09-24,delivered,4,805.46
"September ",Saturday,2020,2020-09-26,delivered,2,890.47
"September ",Sunday,2020,2020-09-27,delivered,6,1330.46
"September ",Monday,2020,2020-09-28,delivered,4,723.04
"September ",Tuesday,2020,2020-09-29,delivered,5,927.66
"September ",Wednesday,2020,2020-09-30,delivered,3,386.39
"October ",Thursday,2020,2020-10-01,delivered,3,923.4300000000001
"October ",Friday,2020,2020-10-02,delivered,5,1511.44
"October ",Saturday,2020,2020-10-03,delivered,1,342.69
"October ",Sunday,2020,2020-10-04,delivered,1,471.38
"October ",Monday,2020,2020-10-05,delivered,1,384.36
"October ",Tuesday,2020,2020-10-06,delivered,4,1034.32
"October ",Wednesday,2020,2020-10-07,delivered,1,186.12
"October ",Friday,2020,2020-10-09,delivered,4,795.4000000000001
"October ",Saturday,2020,2020-10-10,delivered,4,1481.64
"October ",Sunday,2020,2020-10-11,delivered,2,345.53
"October ",Monday,2020,2020-10-12,delivered,2,610.35
"October ",Tuesday,2020,2020-10-13,delivered,2,472.73
"October ",Wednesday,2020,2020-10-14,delivered,1,262.31
"October ",Thursday,2020,2020-10-15,delivered,2,550.69
"October ",Friday,2020,2020-10-16,delivered,4,1245.77
"October ",Saturday,2020,2020-10-17,delivered,3,666.7
"October ",Monday,2020,2020-10-19,delivered,4,950.1800000000001
"October ",Tuesday,2020,2020-10-20,delivered,4,1205.1
"October ",Wednesday,2020,2020-10-21,delivered,1,82
"October ",Thursday,2020,2020-10-22,delivered,3,1054.08
"October ",Friday,2020,2020-10-23,delivered,3,490.90999999999997
"October ",Saturday,2020,2020-10-24,delivered,1,86.97
"October ",Sunday,2020,2020-10-25,delivered,1,169.58
"October ",Monday,2020,2020-10-26,delivered,3,1041.02
"October ",Tuesday,2020,2020-10-27,delivered,3,698.21
"October ",Wednesday,2020,2020-10-28,delivered,4,1118.0900000000001
"October ",Thursday,2020,2020-10-29,delivered,2,675.65
"October ",Friday,2020,2020-10-30,delivered,2,585.49
"October ",Saturday,2020,2020-10-31,delivered,3,885.02
"November ",Sunday,2020,2020-11-01,delivered,2,170.15
"November ",Monday,2020,2020-11-02,delivered,4,1173.42
"November ",Tuesday,2020,2020-11-03,delivered,2,708.26
"November ",Wednesday,2020,2020-11-04,delivered,2,558.01
"November ",Thursday,2020,2020-11-05,delivered,1,493.01
"November ",Friday,2020,2020-11-06,delivered,4,808.99
"November ",Saturday,2020,2020-11-07,delivered,1,199.83
"November ",Sunday,2020,2020-11-08,delivered,3,844.22
"November ",Monday,2020,2020-11-09,delivered,5,1000.1800000000001
"November ",Tuesday,2020,2020-11-10,delivered,4,990.3199999999999
"November ",Wednesday,2020,2020-11-11,delivered,4,966.11
"November ",Thursday,2020,2020-11-12,delivered,1,474.91
"November ",Friday,2020,2020-11-13,delivered,3,717.6800000000001
"November ",Saturday,2020,2020-11-14,delivered,3,489.12
"November ",Sunday,2020,2020-11-15,delivered,4,1076.75
"November ",Monday,2020,2020-11-16,delivered,2,570.15
"November ",Tuesday,2020,2020-11-17,delivered,2,413.36
"November ",Thursday,2020,2020-11-19,delivered,3,442.06999999999994
"November ",Friday,2020,2020-11-20,delivered,4,800.22
"November ",Saturday,2020,2020-11-21,delivered,3,633.09
"November ",Sunday,2020,2020-11-22,delivered,4,934.81
"November ",Monday,2020,2020-11-23,delivered,3,783.0799999999999
"November ",Tuesday,2020,2020-11-24,delivered,2,230.52
"November ",Wednesday,2020,2020-11-25,delivered,4,601.83
"November ",Thursday,2020,2020-11-26,delivered,3,1090.68
"November ",Friday,2020,2020-11-27,delivered,2,389.79999999999995
"November ",Saturday,2020,2020-11-28,delivered,2,639.8
"November ",Sunday,2020,2020-11-29,delivered,2,592.1
"November ",Monday,2020,2020-11-30,delivered,5,1040.8
"December ",Tuesday,2020,2020-12-01,delivered,4,1511.6
"December ",Wednesday,2020,2020-12-02,delivered,3,641.81
"December ",Thursday,2020,2020-12-03,delivered,1,382.43
"December ",Friday,2020,2020-12-04,delivered,2,595.37
"December ",Saturday,2020,2020-12-05,delivered,3,801.6700000000001
"December ",Sunday,2020,2020-12-06,delivered,1,54.52
"December ",Tuesday,2020,2020-12-08,delivered,1,134.81
"December ",Wednesday,2020,2020-12-09,delivered,4,1159.06
"December ",Saturday,2020,2020-12-12,delivered,2,983.19
"December ",Sunday,2020,2020-12-13,delivered,6,1219.1499999999999
"December ",Monday,2020,2020-12-14,delivered,5,1117.05
"December ",Tuesday,2020,2020-12-15,delivered,6,1679.06
"December ",Wednesday,2020,2020-12-16,delivered,2,344.83000000000004
"December ",Thursday,2020,2020-12-17,delivered,2,773.04
"December ",Sunday,2020,2020-12-20,delivered,4,1679.1200000000001
"December ",Monday,2020,2020-12-21,delivered,3,720.78
"December ",Tuesday,2020,2020-12-22,delivered,3,1115.96
"December ",Wednesday,2020,2020-12-23,delivered,4,1167.4699999999998
"December ",Thursday,2020,2020-12-24,delivered,5,1052.8000000000002
"December ",Friday,2020,2020-12-25,delivered,5,1269.5600000000002
"December ",Saturday,2020,2020-12-26,delivered,3,1157.75
"December ",Sunday,2020,2020-12-27,delivered,3,966.53
"December ",Monday,2020,2020-12-28,delivered,2,483.05
"December ",Tuesday,2020,2020-12-29,delivered,4,1034.52
"December ",Thursday,2020,2020-12-31,delivered,4,1031.18
"January ",Friday,2021,2021-01-01,delivered,1,235.57
"January ",Saturday,2021,2021-01-02,delivered,2,528.21
"January ",Sunday,2021,2021-01-03,delivered,1,109.17
"January ",Monday,2021,2021-01-04,delivered,5,889.06
"January ",Tuesday,2021,2021-01-05,delivered,2,376.41
"January ",Wednesday,2021,2021-01-06,delivered,1,62.82
"January ",Thursday,2021,2021-01-07,delivered,1,164.74
"January ",Friday,2021,2021-01-08,delivered,4,682.06
"January ",Saturday,2021,2021-01-09,delivered,3,550.31
"January ",Sunday,2021,2021-01-10,delivered,3,699.33
"January ",Monday,2021,2021-01-11,delivered,5,1052.3200000000002
"January ",Tuesday,2021,2021-01-12,delivered,6,1540.16
"January ",Thursday,2021,2021-01-14,delivered,2,169.1
"January ",Friday,2021,2021-01-15,delivered,2,372.32000000000005
"January ",Saturday,2021,2021-01-16,delivered,3,611.14
"January ",Sunday,2021,2021-01-17,delivered,3,857.66
"January ",Monday,2021,2021-01-18,delivered,4,917.86
"January ",Tuesday,2021,2021-01-19,delivered,6,1348.5400000000002
"January ",Wednesday,2021,2021-01-20,delivered,1,429.75
"January ",Thursday,2021,2021-01-21,delivered,4,1066.5700000000002
"January ",Friday,2021,2021-01-22,delivered,1,103.4
"January ",Sunday,2021,2021-01-24,delivered,1,400.34
"January ",Monday,2021,2021-01-25,delivered,2,493.62
"January ",Tuesday,2021,2021-01-26,delivered,4,1184.33
"January ",Wednesday,2021,2021-01-27,delivered,7,1668.3899999999999
"January ",Friday,2021,2021-01-29,delivered,4,640.5799999999999
"January ",Saturday,2021,2021-01-30,delivered,1,209.8
"January ",Sunday,2021,2021-01-31,delivered,3,252.71
"February ",Monday,2021,2021-02-01,delivered,1,471.01
"February ",Tuesday,2021,2021-02-02,delivered,3,735.77
"February ",Wednesday,2021,2021-02-03,delivered,3,908.53
"February ",Thursday,2021,2021-02-04,delivered,1,237.04
"February ",Friday,2021,2021-02-05,delivered,1,309.49
"February ",Saturday,2021,2021-02-06,delivered,3,1011.1600000000001
"February ",Sunday,2021,2021-02-07,delivered,4,527.89
"February ",Monday,2021,2021-02-08,delivered,2,221.41000000000003
"February ",Tuesday,2021,2021-02-09,delivered,1,150.52
"February ",Wednesday,2021,2021-02-10,delivered,1,94.17
"February ",Thursday,2021,2021-02-11,delivered,6,1163.3
"February ",Friday,2021,2021-02-12,delivered,4,1009.71
"February ",Saturday,2021,2021-02-13,delivered,4,333.41
"February ",Sunday,2021,2021-02-14,delivered,3,962.79
"February ",Monday,2021,2021-02-15,delivered,1,360.74
"February ",Tuesday,2021,2021-02-16,delivered,4,902.44
"February ",Wednesday,2021,2021-02-17,delivered,7,1698.84
"February ",Thursday,2021,2021-02-18,delivered,1,88.06
"February ",Saturday,2021,2021-02-20,delivered,2,445.14
"February ",Sunday,2021,2021-02-21,delivered,3,1117.17
"February ",Monday,2021,2021-02-22,delivered,1,55.81
"February ",Tuesday,2021,2021-02-23,delivered,1,386.71
"February ",Wednesday,2021,2021-02-24,delivered,3,992.8100000000001
"February ",Thursday,2021,2021-02-25,delivered,3,785.4599999999999
"February ",Friday,2021,2021-02-26,delivered,1,385.58
"February ",Saturday,2021,2021-02-27,delivered,4,903.63
"February ",Sunday,2021,2021-02-28,delivered,1,75.65
"March ",Monday,2021,2021-03-01,delivered,4,587.2700000000001
"March ",Tuesday,2021,2021-03-02,delivered,1,319.36
"March ",Wednesday,2021,2021-03-03,delivered,3,1146.3400000000001
"March ",Friday,2021,2021-03-05,delivered,2,444.97999999999996
"March ",Saturday,2021,2021-03-06,delivered,1,39.7
"March ",Sunday,2021,2021-03-07,delivered,1,391.7
"March ",Monday,2021,2021-03-08,delivered,4,803.33
"March ",Tuesday,2021,2021-03-09,delivered,1,335.59
"March ",Wednesday,2021,2021-03-10,delivered,4,1049.34
"March ",Thursday,2021,2021-03-11,delivered,3,1162.52
"March ",Friday,2021,2021-03-12,delivered,1,433.13
"March ",Saturday,2021,2021-03-13,delivered,1,96.82
"March ",Sunday,2021,2021-03-14,delivered,1,46.39
"March ",Tuesday,2021,2021-03-16,delivered,3,1193.65
"March ",Wednesday,2021,2021-03-17,delivered,3,389.96999999999997
"March ",Friday,2021,2021-03-19,delivered,2,657.59
"March ",Sunday,2021,2021-03-21,delivered,1,271.98
"March ",Monday,2021,2021-03-22,delivered,1,198.79
"March ",Tuesday,2021,2021-03-23,delivered,2,337.53999999999996
"March ",Wednesday,2021,2021-03-24,delivered,5,1365.2
"March ",Thursday,2021,2021-03-25,delivered,4,677
"March ",Friday,2021,2021-03-26,delivered,2,929.32
"March ",Saturday,2021,2021-03-27,delivered,2,312.12
"March ",Sunday,2021,2021-03-28,delivered,4,1117.98
"March ",Monday,2021,2021-03-29,delivered,2,197.38
"March ",Tuesday,2021,2021-03-30,delivered,4,611.18
"March ",Wednesday,2021,2021-03-31,delivered,4,1006.2
"April ",Thursday,2021,2021-04-01,delivered,6,2106.41
"April ",Friday,2021,2021-04-02,delivered,2,426.85
"April ",Saturday,2021,2021-04-03,delivered,3,1195.4199999999998
"April ",Sunday,2021,2021-04-04,delivered,1,421.11
"April ",Monday,2021,2021-04-05,delivered,1,303.41
"April ",Tuesday,2021,2021-04-06,delivered,3,1075.95
"April ",Wednesday,2021,2021-04-07,delivered,2,453.79999999999995
"April ",Thursday,2021,2021-04-08,delivered,3,1118.5500000000002
"April ",Saturday,2021,2021-04-10,delivered,4,608.04
"April ",Sunday,2021,2021-04-11,delivered,5,757.1800000000001
"April ",Monday,2021,2021-04-12,delivered,3,1065.55
"April ",Tuesday,2021,2021-04-13,delivered,1,307.48
"April ",Wednesday,2021,2021-04-14,delivered,2,962.29
"April ",Friday,2021,2021-04-16,delivered,2,658.87
"April ",Saturday,2021,2021-04-17,delivered,3,793.77
"April ",Sunday,2021,2021-04-18,delivered,3,783.9100000000001
"April ",Monday,2021,2021-04-19,delivered,1,155.43
"April ",Tuesday,2021,2021-04-20,delivered,5,1499.3500000000001
"April ",Thursday,2021,2021-04-22,delivered,4,825.05
"April ",Friday,2021,2021-04-23,delivered,3,1083.53
"April ",Saturday,2021,2021-04-24,delivered,1,61.92
"April ",Sunday,2021,2021-04-25,delivered,4,603.84
"April ",Monday,2021,2021-04-26,delivered,1,252.52
"April ",Tuesday,2021,2021-04-27,delivered,3,1037.7
"April ",Wednesday,2021,2021-04-28,delivered,4,684.29
"April ",Thursday,2021,2021-04-29,delivered,1,50.33
"April ",Friday,2021,2021-04-30,delivered,3,570.15
"May ",Sunday,2021,2021-05-02,delivered,1,124.88
"May ",Monday,2021,2021-05-03,delivered,3,1209.47
"May ",Tuesday,2021,2021-05-04,delivered,7,1473.5800000000002
"May ",Wednesday,2021,2021-05-05,delivered,5,568.3199999999999
"May ",Thursday,2021,2021-05-06,delivered,3,1041.64
"May ",Friday,2021,2021-05-07,delivered,5,1338.03
"May ",Saturday,2021,2021-05-08,delivered,4,1223.42
"May ",Sunday,2021,2021-05-09,delivered,5,1178.1000000000001
"May ",Monday,2021,2021-05-10,delivered,2,483.02
"May ",Tuesday,2021,2021-05-11,delivered,2,618.32
"May ",Wednesday,2021,2021-05-12,delivered,7,1845.2700000000002
"May ",Thursday,2021,2021-05-13,delivered,1,373.44
"May ",Friday,2021,2021-05-14,delivered,1,262.22
"May ",Saturday,2021,2021-05-15,delivered,2,218.76
"May ",Sunday,2021,2021-05-16,delivered,1,345.34
"May ",Monday,2021,2021-05-17,delivered,5,1183.26
"May ",Tuesday,2021,2021-05-18,delivered,1,286.67
"May ",Wednesday,2021,2021-05-19,delivered,3,896.5
"May ",Friday,2021,2021-05-21,delivered,5,1106.18
"May ",Saturday,2021,2021-05-22,delivered,2,337.34
"May ",Sunday,2021,2021-05-23,delivered,4,1251.69
"May ",Monday,2021,2021-05-24,delivered,1,393.49
"May ",Tuesday,2021,2021-05-25,delivered,3,603.3199999999999
"May ",Wednesday,2021,2021-05-26,delivered,1,242.08
"May ",Thursday,2021,2021-05-27,delivered,6,1605.65
"May ",Saturday,2021,2021-05-29,delivered,3,858.62
"May ",Sunday,2021,2021-05-30,delivered,2,735.02
"May ",Monday,2021,2021-05-31,delivered,3,365.83000000000004
"June ",Tuesday,2021,2021-06-01,delivered,3,545.52
"June ",Wednesday,2021,2021-06-02,delivered,1,268.58
"June ",Thursday,2021,2021-06-03,delivered,3,803.1099999999999
"June ",Friday,2021,2021-06-04,delivered,3,257.92
"June ",Saturday,2021,2021-06-05,delivered,3,734.9300000000001
"June ",Sunday,2021,2021-06-06,delivered,4,984.69
"June ",Monday,2021,2021-06-07,delivered,3,597.92
"June ",Tuesday,2021,2021-06-08,delivered,2,619.3299999999999
"June ",Wednesday,2021,2021-06-09,delivered,2,789.69
"June ",Thursday,2021,2021-06-10,delivered,2,434.59
"June ",Friday,2021,2021-06-11,delivered,4,578.74
"June ",Saturday,2021,2021-06-12,delivered,2,706.98
"June ",Sunday,2021,2021-06-13,delivered,5,1565.6899999999998
"June ",Monday,2021,2021-06-14,delivered,3,1132.7400000000002
"June ",Tuesday,2021,2021-06-15,delivered,5,1654.73
"June ",Wednesday,2021,2021-06-16,delivered,3,864.13
"June ",Thursday,2021,2021-06-17,delivered,5,1538.8400000000001
"June ",Friday,2021,2021-06-18,delivered,2,541.4
"June ",Saturday,2021,2021-06-19,delivered,2,406.94
"June ",Sunday,2021,2021-06-20,delivered,3,931.8199999999999
"June ",Monday,2021,2021-06-21,delivered,4,896.53
"June ",Tuesday,2021,2021-06-22,delivered,4,700.67
"June ",Wednesday,2021,2021-06-23,delivered,5,877.32
"June ",Thursday,2021,2021-06-24,delivered,2,67.52
"June ",Friday,2021,2021-06-25,delivered,2,687.64
"June ",Saturday,2021,2021-06-26,delivered,3,761.52
"June ",Sunday,2021,2021-06-27,delivered,1,89
"June ",Monday,2021,2021-06-28,delivered,3,525.82
"June ",Tuesday,2021,2021-06-29,delivered,3,718.14
"June ",Wednesday,2021,2021-06-30,delivered,1,212.01
"July ",Thursday,2021,2021-07-01,delivered,4,1225.72
"July ",Friday,2021,2021-07-02,delivered,1,113.32
"July ",Saturday,2021,2021-07-03,delivered,2,529.08
"July ",Sunday,2021,2021-07-04,delivered,2,523.78
"July ",Monday,2021,2021-07-05,delivered,3,321.66999999999996
"July ",Tuesday,2021,2021-07-06,delivered,3,1287.3999999999999
"July ",Wednesday,2021,2021-07-07,delivered,2,683.4300000000001
"July ",Friday,2021,2021-07-09,delivered,4,1280.43
"July ",Saturday,2021,2021-07-10,delivered,2,199.11
"July ",Sunday,2021,2021-07-11,delivered,2,620.17
"July ",Monday,2021,2021-07-12,delivered,1,495.62
"July ",Tuesday,2021,2021-07-13,delivered,1,76.66
"July ",Wednesday,2021,2021-07-14,delivered,2,273.19
"July ",Friday,2021,2021-07-16,delivered,6,1273.3000000000002
"July ",Saturday,2021,2021-07-17,delivered,2,738.74
"July ",Sunday,2021,2021-07-18,delivered,2,664.15
"July ",Monday,2021,2021-07-19,delivered,5,1003.1500000000001
"July ",Tuesday,2021,2021-07-20,delivered,5,1419.66
"July ",Wednesday,2021,2021-07-21,delivered,1,39
"July ",Thursday,2021,2021-07-22,delivered,3,1014.51
"July ",Friday,2021,2021-07-23,delivered,3,833.77
"July ",Saturday,2021,2021-07-24,delivered,2,918.05
"July ",Monday,2021,2021-07-26,delivered,3,889.03
"July ",Tuesday,2021,2021-07-27,delivered,6,1610.49
"July ",Thursday,2021,2021-07-29,delivered,1,322.87
"July ",Friday,2021,2021-07-30,delivered,5,1608.88
"July ",Saturday,2021,2021-07-31,delivered,3,825.39
"August ",Sunday,2021,2021-08-01,delivered,4,1466.9199999999998
"August ",Monday,2021,2021-08-02,delivered,1,266.1
"August ",Tuesday,2021,2021-08-03,delivered,1,269.35
"August ",Thursday,2021,2021-08-05,delivered,3,1080.51
"August ",Friday,2021,2021-08-06,delivered,2,695.74
"August ",Saturday,2021,2021-08-07,delivered,3,1042.1499999999999
"August ",Sunday,2021,2021-08-08,delivered,6,1761.31
"August ",Monday,2021,2021-08-09,delivered,1,407.77
"August ",Tuesday,2021,2021-08-10,delivered,2,347.59000000000003
"August ",Wednesday,2021,2021-08-11,delivered,2,406.47
"August ",Thursday,2021,2021-08-12,delivered,5,965.6499999999999
"August ",Friday,2021,2021-08-13,delivered,1,457.17
"August ",Saturday,2021,2021-08-14,delivered,4,1288.4499999999998
"August ",Sunday,2021,2021-08-15,delivered,3,666.88
"August ",Tuesday,2021,2021-08-17,delivered,4,1015.4
"August ",Wednesday,2021,2021-08-18,delivered,1,116.76
"August ",Thursday,2021,2021-08-19,delivered,3,678.64
"August ",Friday,2021,2021-08-20,delivered,7,1543.3200000000002
"August ",Saturday,2021,2021-08-21,delivered,2,527.44
"August ",Sunday,2021,2021-08-22,delivered,4,917.71
"August ",Monday,2021,2021-08-23,delivered,1,280.28
"August ",Tuesday,2021,2021-08-24,delivered,3,789.38
"August ",Wednesday,2021,2021-08-25,delivered,1,154.26
"August ",Thursday,2021,2021-08-26,delivered,2,835.86
"August ",Saturday,2021,2021-08-28,delivered,3,459.70000000000005
"August ",Sunday,2021,2021-08-29,delivered,4,856.41
"August ",Monday,2021,2021-08-30,delivered,2,388.03
"August ",Tuesday,2021,2021-08-31,delivered,3,1096.22
"September ",Wednesday,2021,2021-09-01,delivered,1,486.26
"September ",Thursday,2021,2021-09-02,delivered,3,668.73
"September ",Friday,2021,2021-09-03,delivered,8,1670.49
"September ",Saturday,2021,2021-09-04,delivered,5,1252.92
"September ",Sunday,2021,2021-09-05,delivered,4,781.4499999999999
"September ",Tuesday,2021,2021-09-07,delivered,4,1314.25
"September ",Wednesday,2021,2021-09-08,delivered,3,935.4
"September ",Thursday,2021,2021-09-09,delivered,3,695.98
"September ",Friday,2021,2021-09-10,delivered,3,811.28
"September ",Saturday,2021,2021-09-11,delivered,3,1053.52
"September ",Sunday,2021,2021-09-12,delivered,5,1095.94
"September ",Monday,2021,2021-09-13,delivered,1,461.03
"September ",Tuesday,2021,2021-09-14,delivered,3,943.63
"September ",Wednesday,2021,2021-09-15,delivered,5,905.8899999999999
"September ",Thursday,2021,2021-09-16,delivered,3,1082.92
"September ",Friday,2021,2021-09-17,delivered,5,1695.67
"September ",Saturday,2021,2021-09-18,delivered,4,837.3
"September ",Sunday,2021,2021-09-19,delivered,2,517.84
"September ",Monday,2021,2021-09-20,delivered,3,914.1899999999999
"September ",Tuesday,2021,2021-09-21,delivered,2,604.38
"September ",Wednesday,2021,2021-09-22,delivered,2,213.94
"September ",Thursday,2021,2021-09-23,delivered,2,420.07
"September ",Friday,2021,2021-09-24,delivered,3,626.01
"September ",Saturday,2021,2021-09-25,delivered,2,603.12
"September ",Sunday,2021,2021-09-26,delivered,3,509.83000000000004
"September ",Monday,2021,2021-09-27,delivered,2,437.08
"September ",Tuesday,2021,2021-09-28,delivered,4,606.04
"September ",Wednesday,2021,2021-09-29,delivered,5,1648.96
"September ",Thursday,2021,2021-09-30,delivered,3,927.25
"October ",Friday,2021,2021-10-01,delivered,2,595.4200000000001
"October ",Saturday,2021,2021-10-02,delivered,2,786.61
"October ",Monday,2021,2021-10-04,delivered,5,1372.8200000000002
"October ",Tuesday,2021,2021-10-05,delivered,2,781.02
"October ",Wednesday,2021,2021-10-06,delivered,3,863.4000000000001
"October ",Thursday,2021,2021-10-07,delivered,5,1028.81
"October ",Friday,2021,2021-10-08,delivered,3,373.57
"October ",Saturday,2021,2021-10-09,delivered,4,809.27
"October ",Sunday,2021,2021-10-10,delivered,3,519.12
"October ",Monday,2021,2021-10-11,delivered,3,730.88
"October ",Wednesday,2021,2021-10-13,delivered,1,204.97
"October ",Thursday,2021,2021-10-14,delivered,2,388.90000000000003
"October ",Friday,2021,2021-10-15,delivered,3,613.98
"October ",Saturday,2021,2021-10-16,delivered,5,1314.73
"October ",Sunday,2021,2021-10-17,delivered,3,757.39
"October ",Monday,2021,2021-10-18,delivered,3,847.4800000000001
"October ",Tuesday,2021,2021-10-19,delivered,2,570.55
"October ",Wednesday,2021,2021-10-20,delivered,2,461.69000000000005
"October ",Thursday,2021,2021-10-21,delivered,4,1079.81
"October ",Saturday,2021,2021-10-23,delivered,2,408.71000000000004
"October ",Sunday,2021,2021-10-24,delivered,1,382.92
"October ",Monday,2021,2021-10-25,delivered,3,838.8
"October ",Tuesday,2021,2021-10-26,delivered,5,1448.79
"October ",Wednesday,2021,2021-10-27,delivered,6,1786.49
"October ",Thursday,2021,2021-10-28,delivered,6,1255.05
"October ",Friday,2021,2021-10-29,delivered,3,814.0399999999998
"October ",Saturday,2021,2021-10-30,delivered,1,483.07
"October ",Sunday,2021,2021-10-31,delivered,1,72.51
"November ",Monday,2021,2021-11-01,delivered,4,1140.47
"November ",Tuesday,2021,2021-11-02,delivered,4,932
"November ",Wednesday,2021,2021-11-03,delivered,4,800.0500000000001
"November ",Thursday,2021,2021-11-04,delivered,5,1183.15
"November ",Friday,2021,2021-11-05,delivered,7,1420.4
"November ",Saturday,2021,2021-11-06,delivered,3,927.24
"November ",Sunday,2021,2021-11-07,delivered,3,368.28
"November ",Monday,2021,2021-11-08,delivered,2,294.38
"November ",Tuesday,2021,2021-11-09,delivered,2,831.79
"November ",Wednesday,2021,2021-11-10,delivered,2,512.8399999999999
"November ",Friday,2021,2021-11-12,delivered,2,516.55
"November ",Saturday,2021,2021-11-13,delivered,2,370.27
"November ",Sunday,2021,2021-11-14,delivered,4,844.29
"November ",Monday,2021,2021-11-15,delivered,4,577.9599999999999
"November ",Tuesday,2021,2021-11-16,delivered,3,1044.09
"November ",Wednesday,2021,2021-11-17,delivered,5,1610.78
"November ",Thursday,2021,2021-11-18,delivered,2,803.69
"November ",Friday,2021,2021-11-19,delivered,1,373.78
"November ",Sunday,2021,2021-11-21,delivered,2,829.88
"November ",Monday,2021,2021-11-22,delivered,3,743.15
"November ",Tuesday,2021,2021-11-23,delivered,5,707.73
"November ",Wednesday,2021,2021-11-24,delivered,2,261.89
"November ",Thursday,2021,2021-11-25,delivered,3,529.8
"November ",Friday,2021,2021-11-26,delivered,1,366.89
"November ",Saturday,2021,2021-11-27,delivered,4,1259.3500000000001
"November ",Sunday,2021,2021-11-28,delivered,1,468.31
"November ",Monday,2021,2021-11-29,delivered,2,743.16
"November ",Tuesday,2021,2021-11-30,delivered,3,648.6200000000001
"December ",Wednesday,2021,2021-12-01,delivered,3,337.25
"December ",Thursday,2021,2021-12-02,delivered,4,785.96
"December ",Friday,2021,2021-12-03,delivered,4,678.79
"December ",Saturday,2021,2021-12-04,delivered,2,480.28
"December ",Sunday,2021,2021-12-05,delivered,3,284.31
"December ",Monday,2021,2021-12-06,delivered,1,476.4
"December ",Thursday,2021,2021-12-09,delivered,1,314.1
"December ",Friday,2021,2021-12-10,delivered,1,380.37
"December ",Saturday,2021,2021-12-11,delivered,3,710.8499999999999
"December ",Sunday,2021,2021-12-12,delivered,6,1615.24
"December ",Monday,2021,2021-12-13,delivered,1,416.74
"December ",Tuesday,2021,2021-12-14,delivered,3,303.40999999999997
"December ",Wednesday,2021,2021-12-15,delivered,1,354.14
"December ",Thursday,2021,2021-12-16,delivered,3,916.2700000000001
"December ",Friday,2021,2021-12-17,delivered,5,1042.28
"December ",Saturday,2021,2021-12-18,delivered,1,490.93
"December ",Sunday,2021,2021-12-19,delivered,2,364.25
"December ",Monday,2021,2021-12-20,delivered,4,713.28
"December ",Tuesday,2021,2021-12-21,delivered,3,1462.29
"December ",Wednesday,2021,2021-12-22,delivered,4,912
"December ",Thursday,2021,2021-12-23,delivered,5,1833.8300000000002
"December ",Friday,2021,2021-12-24,delivered,3,911.38
"December ",Saturday,2021,2021-12-25,delivered,1,104.14
"December ",Sunday,2021,2021-12-26,delivered,4,1525.27
"December ",Tuesday,2021,2021-12-28,delivered,2,476.95000000000005
"December ",Wednesday,2021,2021-12-29,delivered,3,513.95
"December ",Thursday,2021,2021-12-30,delivered,6,1616.55
"December ",Friday,2021,2021-12-31,delivered,2,586.55
"January ",Saturday,2022,2022-01-01,delivered,2,323.37
"January ",Sunday,2022,2022-01-02,delivered,1,496.15
"January ",Monday,2022,2022-01-03,delivered,3,881.75
"January ",Wednesday,2022,2022-01-05,delivered,2,582.52
"January ",Thursday,2022,2022-01-06,delivered,1,425.01
"January ",Friday,2022,2022-01-07,delivered,3,370.87
"January ",Saturday,2022,2022-01-08,delivered,2,346.12
"January ",Monday,2022,2022-01-10,delivered,3,561.42
"January ",Tuesday,2022,2022-01-11,delivered,5,1740.6999999999998
"January ",Wednesday,2022,2022-01-12,delivered,4,579.1099999999999
"January ",Thursday,2022,2022-01-13,delivered,4,1716.66
"January ",Friday,2022,2022-01-14,delivered,3,621.85
"January ",Saturday,2022,2022-01-15,delivered,2,403.03
"January ",Sunday,2022,2022-01-16,delivered,5,1839.19
"January ",Monday,2022,2022-01-17,delivered,4,1676.1
"January ",Wednesday,2022,2022-01-19,delivered,3,629.27
"January ",Thursday,2022,2022-01-20,delivered,2,902.56
"January ",Friday,2022,2022-01-21,delivered,3,791.5600000000001
"January ",Saturday,2022,2022-01-22,delivered,1,85.07
"January ",Sunday,2022,2022-01-23,delivered,5,1401.6200000000001
"January ",Monday,2022,2022-01-24,delivered,1,144.86
"January ",Tuesday,2022,2022-01-25,delivered,6,1635.64
"January ",Wednesday,2022,2022-01-26,delivered,1,122.57
"January ",Thursday,2022,2022-01-27,delivered,8,1961.3600000000001
"January ",Friday,2022,2022-01-28,delivered,3,852.8700000000001
"January ",Saturday,2022,2022-01-29,delivered,4,848.2
"January ",Sunday,2022,2022-01-30,delivered,6,1563.16
"January ",Monday,2022,2022-01-31,delivered,3,896.25
"February ",Tuesday,2022,2022-02-01,delivered,1,57.1
"February ",Wednesday,2022,2022-02-02,delivered,2,539.53
"February ",Thursday,2022,2022-02-03,delivered,3,842.45
"February ",Friday,2022,2022-02-04,delivered,1,171.55
"February ",Saturday,2022,2022-02-05,delivered,3,722.38
"February ",Sunday,2022,2022-02-06,delivered,6,1531.79
"February ",Monday,2022,2022-02-07,delivered,3,569.75
"February ",Tuesday,2022,2022-02-08,delivered,2,578.41
"February ",Wednesday,2022,2022-02-09,delivered,4,920.05
"February ",Thursday,2022,2022-02-10,delivered,3,1085.71
"February ",Friday,2022,2022-02-11,delivered,4,922.37
"February ",Sunday,2022,2022-02-13,delivered,4,1192.1399999999999
"February ",Monday,2022,2022-02-14,delivered,2,321.78999999999996
"February ",Wednesday,2022,2022-02-16,delivered,3,593.88
"February ",Thursday,2022,2022-02-17,delivered,1,476.21
"February ",Friday,2022,2022-02-18,delivered,2,614.64
"February ",Sunday,2022,2022-02-20,delivered,4,983.6800000000001
"February ",Monday,2022,2022-02-21,delivered,5,591.4
"February ",Tuesday,2022,2022-02-22,delivered,3,1079.33
"February ",Wednesday,2022,2022-02-23,delivered,2,528.97
"February ",Friday,2022,2022-02-25,delivered,4,1196.7800000000002
"February ",Saturday,2022,2022-02-26,delivered,3,1212.54
"February ",Sunday,2022,2022-02-27,delivered,6,1295.77
"February ",Monday,2022,2022-02-28,delivered,5,1258.59
"March ",Tuesday,2022,2022-03-01,delivered,3,745.5799999999999
"March ",Wednesday,2022,2022-03-02,delivered,1,158.13
"March ",Thursday,2022,2022-03-03,delivered,4,1270.98
"March ",Friday,2022,2022-03-04,delivered,2,621.52
"March ",Saturday,2022,2022-03-05,delivered,1,290.4
"March ",Sunday,2022,2022-03-06,delivered,3,572.6899999999999
"March ",Monday,2022,2022-03-07,delivered,2,439.27000000000004
"March ",Tuesday,2022,2022-03-08,delivered,3,478.62
"March ",Wednesday,2022,2022-03-09,delivered,4,856.47
"March ",Thursday,2022,2022-03-10,delivered,3,1125.46
"March ",Friday,2022,2022-03-11,delivered,3,834.04
"March ",Saturday,2022,2022-03-12,delivered,1,433.95
"March ",Sunday,2022,2022-03-13,delivered,2,645.26
"March ",Tuesday,2022,2022-03-15,delivered,2,649.86
"March ",Wednesday,2022,2022-03-16,delivered,2,656
"March ",Thursday,2022,2022-03-17,delivered,3,823.03
"March ",Saturday,2022,2022-03-19,delivered,3,854.0500000000001
"March ",Sunday,2022,2022-03-20,delivered,4,1155.6
"March ",Monday,2022,2022-03-21,delivered,1,355.95
"March ",Tuesday,2022,2022-03-22,delivered,1,23.47
"March ",Wednesday,2022,2022-03-23,delivered,5,1369.5000000000002
"March ",Thursday,2022,2022-03-24,delivered,6,1082.1999999999998
"March ",Friday,2022,2022-03-25,delivered,3,718.85
"March ",Saturday,2022,2022-03-26,delivered,2,510.45000000000005
"March ",Sunday,2022,2022-03-27,delivered,2,781.24
"March ",Monday,2022,2022-03-28,delivered,3,957.52
"March ",Tuesday,2022,2022-03-29,delivered,3,519.46
"March ",Wednesday,2022,2022-03-30,delivered,1,207.27
"March ",Thursday,2022,2022-03-31,delivered,3,583.7
"April ",Friday,2022,2022-04-01,delivered,1,451.63
"April ",Saturday,2022,2022-04-02,delivered,3,818.3
"April ",Sunday,2022,2022-04-03,delivered,3,953.77
"April ",Wednesday,2022,2022-04-06,delivered,1,46.42
"April ",Thursday,2022,2022-04-07,delivered,3,1311.2
"April ",Friday,2022,2022-04-08,delivered,3,536.98
"April ",Sunday,2022,2022-04-10,delivered,3,1004.8399999999999
"April ",Monday,2022,2022-04-11,delivered,1,301.09
"April ",Tuesday,2022,2022-04-12,delivered,4,753.98
"April ",Wednesday,2022,2022-04-13,delivered,2,320.27
"April ",Thursday,2022,2022-04-14,delivered,4,1212.78
"April ",Friday,2022,2022-04-15,delivered,1,125.66
"April ",Saturday,2022,2022-04-16,delivered,5,991.75
"April ",Sunday,2022,2022-04-17,delivered,4,911.81
"April ",Monday,2022,2022-04-18,delivered,4,864.12
"April ",Tuesday,2022,2022-04-19,delivered,2,751.1500000000001
"April ",Wednesday,2022,2022-04-20,delivered,7,1409.83
"April ",Thursday,2022,2022-04-21,delivered,4,865.3599999999999
"April ",Friday,2022,2022-04-22,delivered,3,963.4
"April ",Saturday,2022,2022-04-23,delivered,2,806.63
"April ",Sunday,2022,2022-04-24,delivered,2,379.24
"April ",Monday,2022,2022-04-25,delivered,3,805.62
"April ",Tuesday,2022,2022-04-26,delivered,4,1379.12
"April ",Wednesday,2022,2022-04-27,delivered,2,135.54
"April ",Thursday,2022,2022-04-28,delivered,6,1563.76
"April ",Friday,2022,2022-04-29,delivered,2,821.71
"May ",Sunday,2022,2022-05-01,delivered,3,466.89
"May ",Monday,2022,2022-05-02,delivered,6,1798.83
"May ",Tuesday,2022,2022-05-03,delivered,4,573.05
"May ",Wednesday,2022,2022-05-04,delivered,2,222.17000000000002
"May ",Friday,2022,2022-05-06,delivered,3,802.0099999999999
"May ",Sunday,2022,2022-05-08,delivered,5,1826.54
"May ",Monday,2022,2022-05-09,delivered,1,212.47
"May ",Wednesday,2022,2022-05-11,delivered,6,1467.7099999999998
"May ",Friday,2022,2022-05-13,delivered,1,21.65
"May ",Saturday,2022,2022-05-14,delivered,2,649.87
"May ",Sunday,2022,2022-05-15,delivered,2,527.25
"May ",Monday,2022,2022-05-16,delivered,3,756.3300000000002
"May ",Tuesday,2022,2022-05-17,delivered,3,832.29
"May ",Thursday,2022,2022-05-19,delivered,2,477.67
"May ",Friday,2022,2022-05-20,delivered,3,751.67
"May ",Saturday,2022,2022-05-21,delivered,2,566.16
"May ",Sunday,2022,2022-05-22,delivered,3,974.1599999999999
"May ",Monday,2022,2022-05-23,delivered,5,740.5899999999999
"May ",Tuesday,2022,2022-05-24,delivered,3,950.88
"May ",Wednesday,2022,2022-05-25,delivered,1,45.8
"May ",Thursday,2022,2022-05-26,delivered,4,1035.0600000000002
"May ",Friday,2022,2022-05-27,delivered,7,1082.6499999999999
"May ",Saturday,2022,2022-05-28,delivered,2,572.55
"May ",Sunday,2022,2022-05-29,delivered,2,484.96000000000004
"May ",Monday,2022,2022-05-30,delivered,4,680.06
"June ",Thursday,2022,2022-06-02,delivered,8,1613.4599999999998
"June ",Friday,2022,2022-06-03,delivered,2,434.68
"June ",Saturday,2022,2022-06-04,delivered,2,792.62
"June ",Sunday,2022,2022-06-05,delivered,1,351.29
"June ",Monday,2022,2022-06-06,delivered,1,444.03
"June ",Tuesday,2022,2022-06-07,delivered,3,1091.94
"June ",Wednesday,2022,2022-06-08,delivered,5,1007.8100000000002
"June ",Thursday,2022,2022-06-09,delivered,3,871.9300000000001
"June ",Friday,2022,2022-06-10,delivered,1,233.35
"June ",Sunday,2022,2022-06-12,delivered,2,482.1
"June ",Monday,2022,2022-06-13,delivered,1,73.25
"June ",Tuesday,2022,2022-06-14,delivered,1,456.99
"June ",Wednesday,2022,2022-06-15,delivered,4,761.85
"June ",Thursday,2022,2022-06-16,delivered,5,745.86
"June ",Friday,2022,2022-06-17,delivered,2,760.12
"June ",Saturday,2022,2022-06-18,delivered,2,709.37
"June ",Sunday,2022,2022-06-19,delivered,3,1299.31
"June ",Monday,2022,2022-06-20,delivered,4,1076.3400000000001
"June ",Tuesday,2022,2022-06-21,delivered,4,1040.98
"June ",Wednesday,2022,2022-06-22,delivered,1,376.98
"June ",Thursday,2022,2022-06-23,delivered,6,1746.17
"June ",Friday,2022,2022-06-24,delivered,3,1177.1399999999999
"June ",Saturday,2022,2022-06-25,delivered,3,849.5799999999999
"June ",Sunday,2022,2022-06-26,delivered,7,1910.75
"June ",Monday,2022,2022-06-27,delivered,4,693.77
"June ",Tuesday,2022,2022-06-28,delivered,3,752.4300000000001
"June ",Wednesday,2022,2022-06-29,delivered,3,823.29
"June ",Thursday,2022,2022-06-30,delivered,4,1236.2
"July ",Friday,2022,2022-07-01,delivered,5,1451.01
"July ",Saturday,2022,2022-07-02,delivered,9,2353.4700000000003
"July ",Sunday,2022,2022-07-03,delivered,2,616.38
"July ",Monday,2022,2022-07-04,delivered,5,1504.76
"July ",Tuesday,2022,2022-07-05,delivered,2,444.51
"July ",Wednesday,2022,2022-07-06,delivered,3,633.44
"July ",Friday,2022,2022-07-08,delivered,5,818.5799999999999
"July ",Saturday,2022,2022-07-09,delivered,3,1009.72
"July ",Monday,2022,2022-07-11,delivered,3,500.08
"July ",Tuesday,2022,2022-07-12,delivered,2,618.74
"July ",Wednesday,2022,2022-07-13,delivered,2,267.92999999999995
"July ",Thursday,2022,2022-07-14,delivered,3,624.48
"July ",Friday,2022,2022-07-15,delivered,3,1020.74
"July ",Saturday,2022,2022-07-16,delivered,3,504.96
"July ",Monday,2022,2022-07-18,delivered,2,766.4200000000001
"July ",Tuesday,2022,2022-07-19,delivered,2,398.63
"July ",Wednesday,2022,2022-07-20,delivered,2,203
"July ",Thursday,2022,2022-07-21,delivered,4,1411.0099999999998
"July ",Friday,2022,2022-07-22,delivered,5,1302.01
"July ",Sunday,2022,2022-07-24,delivered,3,295.85999999999996
"July ",Tuesday,2022,2022-07-26,delivered,2,674.87
"July ",Wednesday,2022,2022-07-27,delivered,5,1273.98
"July ",Thursday,2022,2022-07-28,delivered,1,369.79
"July ",Friday,2022,2022-07-29,delivered,2,197.38
"July ",Saturday,2022,2022-07-30,delivered,2,739.84
"July ",Sunday,2022,2022-07-31,delivered,3,470.45
"August ",Monday,2022,2022-08-01,delivered,5,1478.41
"August ",Tuesday,2022,2022-08-02,delivered,6,1576.29
"August ",Wednesday,2022,2022-08-03,delivered,2,605.26
"August ",Thursday,2022,2022-08-04,delivered,5,1093.6200000000001
"August ",Friday,2022,2022-08-05,delivered,1,146.28
"August ",Saturday,2022,2022-08-06,delivered,2,697.39
"August ",Sunday,2022,2022-08-07,delivered,3,942.6800000000001
"August ",Tuesday,2022,2022-08-09,delivered,3,1225.87
"August ",Wednesday,2022,2022-08-10,delivered,4,1122.91
"August ",Thursday,2022,2022-08-11,delivered,3,942.75
"August ",Friday,2022,2022-08-12,delivered,1,449.2
"August ",Saturday,2022,2022-08-13,delivered,3,370.73
"August ",Sunday,2022,2022-08-14,delivered,4,977.63
"August ",Monday,2022,2022-08-15,delivered,3,500.51
"August ",Tuesday,2022,2022-08-16,delivered,3,1236.84
"August ",Wednesday,2022,2022-08-17,delivered,5,925.33
"August ",Thursday,2022,2022-08-18,delivered,3,379.82
"August ",Friday,2022,2022-08-19,delivered,1,66.93
"August ",Saturday,2022,2022-08-20,delivered,3,594.82
"August ",Sunday,2022,2022-08-21,delivered,5,951.5099999999999
"August ",Monday,2022,2022-08-22,delivered,3,540.8100000000001
"August ",Tuesday,2022,2022-08-23,delivered,2,945.1
"August ",Wednesday,2022,2022-08-24,delivered,2,471.03
"August ",Thursday,2022,2022-08-25,delivered,3,897.64
"August ",Friday,2022,2022-08-26,delivered,2,678.99
"August ",Saturday,2022,2022-08-27,delivered,4,1647.69
"August ",Sunday,2022,2022-08-28,delivered,4,934.5899999999999
"August ",Monday,2022,2022-08-29,delivered,4,802.63
"August ",Tuesday,2022,2022-08-30,delivered,1,422.84
"August ",Wednesday,2022,2022-08-31,delivered,4,1396.1100000000001
"September ",Thursday,2022,2022-09-01,delivered,3,1048.22
"September ",Friday,2022,2022-09-02,delivered,3,399.91999999999996
"September ",Saturday,2022,2022-09-03,delivered,6,1473.73
"September ",Sunday,2022,2022-09-04,delivered,1,458.92
"September ",Monday,2022,2022-09-05,delivered,2,414.39
"September ",Tuesday,2022,2022-09-06,delivered,2,503.34000000000003
"September ",Wednesday,2022,2022-09-07,delivered,1,446.99
"September ",Thursday,2022,2022-09-08,delivered,7,1837.29
"September ",Friday,2022,2022-09-09,delivered,1,226.01
"September ",Saturday,2022,2022-09-10,delivered,3,795.15
"September ",Sunday,2022,2022-09-11,delivered,2,605.87
"September ",Monday,2022,2022-09-12,delivered,5,1269.12
"September ",Tuesday,2022,2022-09-13,delivered,2,823.71
"September ",Wednesday,2022,2022-09-14,delivered,2,214.11
"September ",Thursday,2022,2022-09-15,delivered,2,688.3199999999999
"September ",Friday,2022,2022-09-16,delivered,5,1349.41
"September ",Saturday,2022,2022-09-17,delivered,1,15.18
"September ",Sunday,2022,2022-09-18,delivered,3,669.8
"September ",Monday,2022,2022-09-19,delivered,2,422.69
"September ",Tuesday,2022,2022-09-20,delivered,4,1633.3000000000002
"September ",Wednesday,2022,2022-09-21,delivered,5,1033.4499999999998
"September ",Thursday,2022,2022-09-22,delivered,1,477.15
"September ",Friday,2022,2022-09-23,delivered,2,779.38
"September ",Sunday,2022,2022-09-25,delivered,6,1561.5
"September ",Monday,2022,2022-09-26,delivered,1,103.23
"September ",Wednesday,2022,2022-09-28,delivered,3,468.93
"September ",Thursday,2022,2022-09-29,delivered,2,435.93
"September ",Friday,2022,2022-09-30,delivered,5,1469.32
"October ",Saturday,2022,2022-10-01,delivered,1,377.93
"October ",Sunday,2022,2022-10-02,delivered,6,1588.47
"October ",Monday,2022,2022-10-03,delivered,3,530.73
"October ",Tuesday,2022,2022-10-04,delivered,3,1193.29
"October ",Wednesday,2022,2022-10-05,delivered,1,100.69
"October ",Thursday,2022,2022-10-06,delivered,2,419.70000000000005
"October ",Friday,2022,2022-10-07,delivered,2,706.83
"October ",Sunday,2022,2022-10-09,delivered,3,731.77
"October ",Monday,2022,2022-10-10,delivered,4,1274.26
"October ",Tuesday,2022,2022-10-11,delivered,1,83.54
"October ",Wednesday,2022,2022-10-12,delivered,3,725.3100000000001
"October ",Thursday,2022,2022-10-13,delivered,2,705.0699999999999
"October ",Friday,2022,2022-10-14,delivered,3,1050.48
"October ",Saturday,2022,2022-10-15,delivered,2,634.65
"October ",Sunday,2022,2022-10-16,delivered,2,625.03
"October ",Monday,2022,2022-10-17,delivered,1,103.47
"October ",Tuesday,2022,2022-10-18,delivered,3,870.38
"October ",Wednesday,2022,2022-10-19,delivered,3,965.22
"October ",Thursday,2022,2022-10-20,delivered,2,361.32000000000005
"October ",Saturday,2022,2022-10-22,delivered,2,267.8
"October ",Sunday,2022,2022-10-23,delivered,7,1750.7800000000002
"October ",Monday,2022,2022-10-24,delivered,3,621.63
"October ",Tuesday,2022,2022-10-25,delivered,5,1555.57
"October ",Wednesday,2022,2022-10-26,delivered,2,936.24
"October ",Thursday,2022,2022-10-27,delivered,5,996.1999999999999
"October ",Saturday,2022,2022-10-29,delivered,3,855.02
"October ",Sunday,2022,2022-10-30,delivered,2,688.5
"October ",Monday,2022,2022-10-31,delivered,2,494.28000000000003
"November ",Tuesday,2022,2022-11-01,delivered,3,800.6199999999999
"November ",Wednesday,2022,2022-11-02,delivered,3,297.98
"November ",Thursday,2022,2022-11-03,delivered,2,188.22000000000003
"November ",Friday,2022,2022-11-04,delivered,3,478.01
"November ",Saturday,2022,2022-11-05,delivered,1,312.48
"November ",Sunday,2022,2022-11-06,delivered,3,892.56
"November ",Monday,2022,2022-11-07,delivered,2,484.06
"November ",Wednesday,2022,2022-11-09,delivered,2,499.24
"November ",Thursday,2022,2022-11-10,delivered,1,400.15
"November ",Friday,2022,2022-11-11,delivered,7,1893.8900000000003
"November ",Saturday,2022,2022-11-12,delivered,1,103.48
"November ",Sunday,2022,2022-11-13,delivered,3,992.38
"November ",Monday,2022,2022-11-14,delivered,4,844.18
"November ",Tuesday,2022,2022-11-15,delivered,1,131.44
"November ",Wednesday,2022,2022-11-16,delivered,5,1350.9599999999998
"November ",Thursday,2022,2022-11-17,delivered,2,165.93
"November ",Friday,2022,2022-11-18,delivered,1,296.73
"November ",Saturday,2022,2022-11-19,delivered,4,1269.12
"November ",Sunday,2022,2022-11-20,delivered,4,862.03
"November ",Monday,2022,2022-11-21,delivered,2,392.03000000000003
"November ",Tuesday,2022,2022-11-22,delivered,5,1053.38
"November ",Wednesday,2022,2022-11-23,delivered,2,708.17
"November ",Thursday,2022,2022-11-24,delivered,2,459.6
"November ",Friday,2022,2022-11-25,delivered,2,648.0699999999999
"November ",Saturday,2022,2022-11-26,delivered,1,180.79
"November ",Sunday,2022,2022-11-27,delivered,3,849.6
"November ",Monday,2022,2022-11-28,delivered,6,1162.52
"November ",Tuesday,2022,2022-11-29,delivered,3,840.37
"November ",Wednesday,2022,2022-11-30,delivered,2,699.28
"December ",Thursday,2022,2022-12-01,delivered,3,824.6200000000001
"December ",Friday,2022,2022-12-02,delivered,2,510.1
"December ",Saturday,2022,2022-12-03,delivered,1,281.35
"December ",Sunday,2022,2022-12-04,delivered,1,178.15
"December ",Monday,2022,2022-12-05,delivered,2,309.41999999999996
"December ",Tuesday,2022,2022-12-06,delivered,1,52.94
"December ",Wednesday,2022,2022-12-07,delivered,1,352.26
"December ",Thursday,2022,2022-12-08,delivered,1,378.83
"December ",Friday,2022,2022-12-09,delivered,6,2164.92
"December ",Saturday,2022,2022-12-10,delivered,2,791.04
"December ",Sunday,2022,2022-12-11,delivered,4,887.1299999999999
"December ",Monday,2022,2022-12-12,delivered,2,584.1
"December ",Wednesday,2022,2022-12-14,delivered,2,415.35999999999996
"December ",Thursday,2022,2022-12-15,delivered,4,779.54
"December ",Friday,2022,2022-12-16,delivered,6,1599.79
"December ",Saturday,2022,2022-12-17,delivered,5,826.46
"December ",Sunday,2022,2022-12-18,delivered,1,99.49
"December ",Monday,2022,2022-12-19,delivered,2,354.26
"December ",Tuesday,2022,2022-12-20,delivered,3,764.1500000000001
"December ",Wednesday,2022,2022-12-21,delivered,3,315.72
"December ",Thursday,2022,2022-12-22,delivered,3,922.8100000000001
"December ",Friday,2022,2022-12-23,delivered,1,11.24
"December ",Saturday,2022,2022-12-24,delivered,2,313.46
"December ",Monday,2022,2022-12-26,delivered,1,213
"December ",Tuesday,2022,2022-12-27,delivered,5,1703.1800000000003
"December ",Thursday,2022,2022-12-29,delivered,1,271.7
